{
    "traffic": [
        414019169.3958333,
        263541330.18248284
    ],
    "packets": [
        27745.90956439394,
        28633.339117752676
    ],
    "eq_lambda": [
        51731498.80555555,
        32897640.942476094
    ],
    "avg_pkts_lambda": [
        19176.408203125,
        33214.513314493095
    ],
    "exp_max_factor": [
        7.75,
        3.897114317029974
    ],
    "pkts_lambda_on": [
        17500.0,
        11608.1867662439
    ],
    "avg_t_off": [
        0.0007989363704924435,
        0.0008744073521559026
    ],
    "avg_t_on": [
        0.2504510636452202,
        0.43275258280534223
    ],
    "ar_a": [
        0.0,
        1.0
    ],
    "sigma": [
        0.0,
        1.0
    ],
    "capacity": [
        5032546734.858586,
        3780441114.035499
    ],
    "queue_size": [
        30259000.0,
        1.0
    ]
}